City,Cloudiness,Country,Date,Humidity,Lat,Lng,Max Temp,Wind Speed
grenaa,100.0,DK,1563479649,68.0,56.42,10.88,68.0,4.7
billings,20.0,US,1563479649,30.0,45.79,-108.5,84.0,8.05
new norfolk,20.0,AU,1563479649,65.0,-42.78,147.06,55.99,17.22
tiksi,94.0,RU,1563479650,84.0,71.64,128.87,37.49,10.67
port hedland,98.0,AU,1563479650,58.0,-20.31,118.58,55.4,6.93
ust-bolsheretsk,,,,,,,,
port alfred,71.0,ZA,1563479651,63.0,-33.59,26.89,60.01,3.0
cape town,75.0,ZA,1563479412,87.0,-33.93,18.42,63.0,24.16
cabo san lucas,5.0,MX,1563479537,55.0,22.89,-109.91,98.01,9.17
east london,41.0,ZA,1563479651,32.0,-33.02,27.91,62.69,6.62
tuktoyaktuk,90.0,CA,1563479652,87.0,69.44,-133.03,46.4,4.7
kapaa,40.0,US,1563479652,65.0,22.08,-159.32,82.4,18.34
mnogovershinnyy,27.0,RU,1563479652,94.0,53.94,139.92,63.59,1.36
punta arenas,0.0,CL,1563479653,74.0,-53.16,-70.91,37.4,14.99
nizhneyansk,,,,,,,,
sibolga,100.0,ID,1563479653,84.0,1.74,98.78,79.61,11.23
karkaralinsk,,,,,,,,
albany,75.0,US,1563479577,74.0,42.65,-73.75,82.99,4.7
shubarshi,7.0,KZ,1563479654,21.0,48.59,57.19,84.83,8.43
sterling,90.0,US,1563479654,66.0,39.0,-77.4,91.99,6.93
madang,100.0,CN,1563479654,98.0,35.32,102.79,45.05,3.8
avarua,93.0,CK,1563479654,83.0,-21.21,-159.78,75.2,11.41
hilo,40.0,US,1563479150,61.0,19.71,-155.08,82.99,5.82
fenelon falls,20.0,CA,1563479655,65.0,44.54,-78.74,84.99,5.82
nikolskoye,90.0,RU,1563479655,87.0,59.7,30.79,62.01,8.95
rikitea,55.0,PF,1563479655,78.0,-23.12,-134.97,67.55,28.32
vaini,89.0,IN,1563479656,90.0,15.34,74.49,77.27,2.75
villefontaine,0.0,FR,1563479656,31.0,45.61,5.16,80.6,9.17
sesimbra,20.0,PT,1563479656,73.0,38.45,-9.1,75.2,18.34
ribeira grande,40.0,PT,1563479656,94.0,38.52,-28.7,73.4,10.29
jamestown,0.0,AU,1563479657,71.0,-33.21,138.6,43.07,4.07
kitimat,90.0,CA,1563479657,77.0,54.02,-128.69,61.0,12.75
nykoping,0.0,SE,1563479657,63.0,58.75,17.01,64.4,4.7
bluff,0.0,AU,1563479658,62.0,-23.58,149.07,46.67,5.75
khatanga,9.0,RU,1563479658,56.0,71.98,102.47,53.87,6.13
ukiah,1.0,US,1563479363,39.0,39.15,-123.21,88.0,5.82
kastamonu,98.0,TR,1563479658,94.0,41.38,33.78,52.25,1.19
illoqqortoormiut,,,,,,,,
bathsheba,40.0,BB,1563479494,74.0,13.22,-59.52,86.0,18.34
yerbogachen,100.0,RU,1563479659,62.0,61.28,108.01,51.53,9.31
hobart,20.0,AU,1563479659,65.0,-42.88,147.33,55.99,17.22
hithadhoo,100.0,MV,1563479660,75.0,-0.6,73.08,80.87,8.55
iisalmi,0.0,FI,1563479660,72.0,63.56,27.19,64.4,5.82
atuona,2.0,PF,1563479660,76.0,-9.8,-139.03,79.79,10.58
lavrentiya,87.0,RU,1563479661,76.0,65.58,-170.99,55.49,3.87
hay river,20.0,CA,1563479661,67.0,60.82,-115.79,60.8,10.29
ushuaia,0.0,AR,1563479662,74.0,-54.81,-68.31,37.4,5.82
qaanaaq,100.0,GL,1563479662,77.0,77.48,-69.36,41.99,7.47
severo-kurilsk,0.0,RU,1563479662,94.0,50.68,156.12,45.95,3.87
puerto ayora,40.0,EC,1563479663,65.0,-0.74,-90.35,78.8,18.34
voyvozh,100.0,RU,1563479663,97.0,62.89,54.96,47.03,4.59
castro,90.0,CL,1563479663,81.0,-42.48,-73.76,50.0,17.22
butaritari,67.0,KI,1563479664,71.0,3.07,172.79,83.21,4.9
nyurba,0.0,RU,1563479664,65.0,63.29,118.35,46.67,10.07
jiayuguan,0.0,CN,1563479664,35.0,39.77,98.29,69.17,2.93
pevek,99.0,RU,1563479664,95.0,69.7,170.27,32.45,7.78
quatre cocos,40.0,MU,1563479391,69.0,-20.21,57.76,73.4,18.34
mocuba,0.0,MZ,1563479665,96.0,-16.84,36.99,61.61,3.06
bredasdorp,0.0,ZA,1563479665,52.0,-34.53,20.04,66.2,16.11
talah,,,,,,,,
barrow,21.0,AR,1563479665,46.0,-38.31,-60.23,48.65,4.43
bubaque,100.0,GW,1563479666,84.0,11.28,-15.83,80.33,18.16
aflu,,,,,,,,
saldanha,0.0,PT,1563479666,43.0,41.42,-6.55,73.85,3.62
saint-philippe,40.0,CA,1563479666,48.0,45.36,-73.48,84.2,4.7
port elizabeth,40.0,US,1563479667,62.0,39.31,-74.98,93.0,12.75
barentu,100.0,ER,1563479667,78.0,15.11,37.59,69.17,6.53
gijon,20.0,ES,1563479667,82.0,43.54,-5.66,72.0,1.12
burnie,0.0,AU,1563479668,83.0,-41.05,145.91,45.0,4.0
umm lajj,0.0,SA,1563479668,58.0,25.02,37.27,89.15,6.4
namibe,0.0,AO,1563479668,81.0,-15.19,12.15,69.53,1.77
kavaratti,100.0,IN,1563479490,81.0,10.57,72.64,80.51,38.39
beringovskiy,100.0,RU,1563479669,83.0,63.05,179.32,59.09,2.73
chuy,100.0,UY,1563479669,86.0,-33.69,-53.46,55.67,4.47
wairoa,42.0,NZ,1563479669,92.0,-39.04,177.43,42.01,1.99
thompson,75.0,CA,1563479419,60.0,55.74,-97.86,69.8,5.82
pavino,0.0,RU,1563479670,93.0,55.02,82.61,64.4,4.47
samusu,,,,,,,,
mahebourg,40.0,MU,1563479670,69.0,-20.41,57.7,73.4,18.34
saint george,20.0,GR,1563479670,60.0,39.45,22.34,75.2,6.93
bethel,90.0,US,1563479671,82.0,60.79,-161.76,57.2,11.41
kununurra,62.0,AU,1563479671,66.0,-15.77,128.74,53.6,7.05
vila velha,0.0,BR,1563479671,61.0,-3.71,-38.6,86.0,10.29
belushya guba,,,,,,,,
mataura,100.0,NZ,1563479672,94.0,-46.19,168.86,42.01,4.43
ponta do sol,60.0,BR,1563479672,68.0,-20.63,-46.0,61.07,5.88
airai,31.0,TL,1563479672,83.0,-8.93,125.41,67.91,3.38
guerrero negro,0.0,MX,1563479673,89.0,27.97,-114.04,66.11,12.93
alofi,75.0,NU,1563479673,94.0,-19.06,-169.92,73.4,9.17
awjilah,0.0,LY,1563479674,61.0,29.14,21.3,77.09,14.09
gurgan,,,,,,,,
sao joao da barra,75.0,BR,1563479674,56.0,-21.64,-41.05,71.6,4.7
le port,17.0,FR,1563479568,69.0,42.87,1.37,70.0,2.89
hirara,100.0,JP,1563479676,81.0,24.8,125.28,83.93,37.04
maragogi,0.0,BR,1563479676,87.0,-9.01,-35.22,68.99,5.21
mar del plata,75.0,AR,1563479676,48.0,-46.43,-67.52,47.21,32.35
saskylakh,33.0,RU,1563479677,60.0,71.97,114.09,47.57,3.98
kidal,98.0,ML,1563479677,21.0,18.44,1.41,99.23,14.0
busselton,47.0,AU,1563479677,84.0,-33.64,115.35,55.99,26.35
los algarrobos,20.0,EC,1563479677,65.0,-3.25,-79.94,89.6,10.29
taldan,100.0,RU,1563479678,81.0,53.69,124.82,62.69,2.46
oktyabrskoye,40.0,RU,1563479678,93.0,56.73,85.44,62.01,2.24
salalah,75.0,OM,1563479678,88.0,17.01,54.1,80.6,2.24
gamba,68.0,CN,1563479679,70.0,28.28,88.52,41.45,3.29
sakakah,,,,,,,,
leh,92.0,IN,1563479679,42.0,34.16,77.58,43.97,7.25
tasiilaq,75.0,GL,1563479679,87.0,65.61,-37.64,48.2,9.17
lubango,0.0,AO,1563479680,56.0,-14.92,13.49,62.33,1.48
san patricio,91.0,PY,1563479680,94.0,-26.98,-56.83,60.71,2.93
liverpool,40.0,GB,1563479457,68.0,53.41,-2.98,66.0,13.87
lolua,,,,,,,,
carnarvon,69.0,ZA,1563479680,72.0,-30.97,22.13,49.01,12.88
yar-sale,29.0,RU,1563479681,73.0,66.83,70.83,62.69,8.05
mount gambier,40.0,AU,1563479681,100.0,-37.83,140.78,39.2,6.93
turukhansk,0.0,RU,1563479681,49.0,65.8,87.96,62.87,13.8
provideniya,75.0,RU,1563479682,93.0,64.42,-173.23,53.6,6.71
taolanaro,,,,,,,,
vardo,40.0,US,1563479683,49.0,39.62,-77.74,91.99,6.93
longyearbyen,75.0,NO,1563479683,86.0,78.22,15.63,41.0,24.16
rocha,100.0,UY,1563479683,90.0,-34.48,-54.34,54.77,4.05
dikson,100.0,RU,1563479683,71.0,73.51,80.55,46.85,10.0
lake park,1.0,US,1563479684,78.0,26.8,-80.07,89.01,5.3
erenhot,100.0,CN,1563479684,49.0,43.65,111.97,78.17,13.58
arraial do cabo,40.0,BR,1563479684,53.0,-22.97,-42.02,71.6,11.41
beitbridge,0.0,ZA,1563479684,39.0,-22.21,29.99,53.51,3.44
aklavik,75.0,CA,1563479685,82.0,68.22,-135.01,59.0,8.05
barentsburg,,,,,,,,
nanortalik,98.0,GL,1563479685,91.0,60.14,-45.24,41.99,2.04
kuminskiy,100.0,RU,1563479686,79.0,58.67,66.57,56.75,3.94
yellowknife,20.0,CA,1563479562,42.0,62.45,-114.38,68.0,12.75
adrar,100.0,DZ,1563479561,9.0,27.87,-0.29,105.71,10.63
coquimbo,0.0,CL,1563479686,76.0,-29.95,-71.34,57.2,13.87
roald,0.0,NO,1563479686,82.0,62.58,6.12,60.8,4.7
tateyama,100.0,JP,1563479687,97.0,36.66,137.31,73.0,0.43
bonfim,41.0,GY,1563479687,59.0,3.36,-59.84,86.99,5.86
ust-kamchatsk,,,,,,,,
norfolk,40.0,US,1563479412,59.0,36.85,-76.29,96.01,9.17
pangnirtung,75.0,CA,1563479688,81.0,66.15,-65.72,53.6,9.17
nemuro,100.0,JP,1563479688,97.0,43.32,145.57,58.55,14.92
khash,0.0,IR,1563479688,27.0,28.22,61.21,66.65,2.64
takhtamygda,98.0,RU,1563479689,98.0,54.1,123.57,58.91,4.47
atar,0.0,MR,1563479689,10.0,20.52,-13.05,101.75,21.09
hohhot,20.0,CN,1563479689,83.0,40.81,111.65,69.8,4.47
marcona,,,,,,,,
port blair,33.0,IN,1563479690,83.0,11.67,92.75,82.85,17.96
kara-tyube,81.0,RU,1563479690,40.0,44.63,45.44,80.15,6.89
yangambi,2.0,CD,1563479690,67.0,0.77,24.47,76.73,1.77
pivka,0.0,SI,1563479691,64.0,45.68,14.2,77.0,3.36
kodiak,1.0,US,1563479691,19.0,39.95,-94.76,96.01,18.34
palabuhanratu,,,,,,,,
tsihombe,,,,,,,,
wanning,100.0,AT,1563479692,63.0,48.64,13.53,66.0,1.34
namtsy,0.0,RU,1563479692,75.0,62.72,129.66,46.4,4.47
urucui,0.0,BR,1563479692,33.0,-7.23,-44.56,82.49,4.83
pangai,75.0,TO,1563479692,78.0,-19.8,-174.35,77.0,11.41
fort walton beach,75.0,US,1563479441,62.0,30.41,-86.62,96.01,9.17
ilulissat,75.0,GL,1563479443,66.0,69.22,-51.1,53.6,18.34
santa rosa,0.0,AR,1563479693,33.0,-36.62,-64.29,52.07,2.89
juneau,90.0,US,1563479418,100.0,58.3,-134.42,59.0,11.41
bismarck,0.0,US,1563479693,61.0,46.81,-100.78,82.4,9.17
burica,,,,,,,,
bereda,75.0,ES,1563479694,88.0,43.27,-7.54,68.0,5.82
nerchinskiy zavod,89.0,RU,1563479694,57.0,51.31,119.61,66.29,3.78
port macquarie,0.0,AU,1563479695,80.0,-31.43,152.91,37.99,4.7
mumbwa,0.0,ZM,1563479695,53.0,-14.99,27.06,52.79,4.45
broken hill,0.0,AU,1563479695,82.0,-31.97,141.45,39.2,2.17
kostomuksha,100.0,RU,1563479695,99.0,64.59,30.6,51.35,5.59
yenagoa,100.0,NG,1563479696,93.0,4.92,6.26,75.11,6.38
norman wells,20.0,CA,1563479696,46.0,65.28,-126.83,73.4,11.41
esperance,24.0,AU,1563479696,93.0,-33.86,121.89,50.0,17.22
victoria,75.0,BN,1563479404,88.0,5.28,115.24,80.6,2.33
bassila,98.0,BJ,1563479697,93.0,9.0,1.66,72.05,2.44
srednekolymsk,64.0,RU,1563479697,61.0,67.46,153.71,44.87,10.74
fayaoue,0.0,NC,1563479697,64.0,-20.65,166.53,70.97,12.08
hermanus,100.0,ZA,1563479697,74.0,-34.42,19.24,64.0,11.01
kutum,0.0,SD,1563479698,58.0,14.2,24.66,74.93,2.13
jiaozuo,69.0,CN,1563479698,63.0,35.21,113.25,71.33,4.21
lima,90.0,PE,1563479491,82.0,-12.06,-77.04,62.6,11.41
georgetown,40.0,GY,1563479698,74.0,6.8,-58.16,87.8,11.41
kipushi,0.0,CD,1563479699,60.0,-11.76,27.24,53.51,5.5
galle,92.0,GN,1563479699,97.0,10.08,-12.83,69.35,3.06
tuatapere,100.0,NZ,1563479699,94.0,-46.13,167.69,42.01,9.53
hualmay,44.0,PE,1563479699,86.0,-11.1,-77.61,61.25,17.6
rosarito,40.0,CO,1563479700,40.0,4.91,-75.23,89.6,6.93
dalby,0.0,AU,1563479700,73.0,-27.18,151.26,30.99,5.37
fortuna,90.0,US,1563479441,77.0,40.6,-124.16,79.0,11.41
husavik,58.0,CA,1563479700,52.0,50.56,-96.99,77.0,5.01
maracas,20.0,TT,1563479701,62.0,10.76,-61.44,87.8,11.41
clyde river,90.0,CA,1563479701,100.0,70.47,-68.59,37.4,11.41
iqaluit,90.0,CA,1563479701,66.0,63.75,-68.52,50.0,5.82
sidney,1.0,US,1563479702,39.0,47.72,-104.16,82.99,16.11
catalina,0.0,PE,1563479702,30.0,-13.57,-76.13,71.6,19.46
chokurdakh,100.0,RU,1563479702,72.0,70.62,147.9,39.65,5.73
ahipara,99.0,NZ,1563479703,76.0,-35.17,173.16,59.45,25.46
russell,1.0,US,1563479703,35.0,38.9,-98.86,102.99,20.8
phan rang,,,,,,,,
lompoc,90.0,US,1563479703,77.0,34.64,-120.46,77.0,6.93
ajdabiya,0.0,LY,1563479704,75.0,30.75,20.22,77.27,16.35
kladovo,1.0,RS,1563479704,71.0,44.61,22.61,64.31,4.09
amderma,,,,,,,,
campbell river,75.0,CA,1563479474,63.0,50.02,-125.24,64.4,8.05
brae,3.0,GB,1563479705,82.0,60.4,-1.35,57.2,12.75
aljezur,0.0,PT,1563479705,63.0,37.31,-8.8,78.01,18.43
sao jose da coroa grande,0.0,BR,1563479705,87.0,-8.9,-35.15,68.99,5.21
hovd,0.0,NO,1563479706,44.0,63.83,10.7,75.2,20.8
muli,47.0,CN,1563479706,97.0,28.08,109.56,70.61,4.05
tura,1.0,RU,1563479706,67.0,64.27,100.22,48.29,4.97
den helder,75.0,NL,1563479706,93.0,52.96,4.76,64.99,8.05
north bend,40.0,US,1563479707,68.0,43.41,-124.22,71.01,19.46
namatanai,100.0,PG,1563479707,83.0,-3.66,152.44,79.61,13.27
unjha,67.0,IN,1563479707,63.0,23.8,72.4,86.45,9.62
bone,0.0,DE,1563479708,43.0,51.97,12.14,71.6,8.05
hobyo,33.0,SO,1563479708,69.0,5.35,48.53,76.37,25.46
pirgos,0.0,GR,1563479708,53.0,35.12,25.72,77.0,9.17
mys shmidta,,,,,,,,
kysyl-syr,0.0,RU,1563479709,51.0,63.9,122.77,45.95,12.26
sibulan,100.0,PH,1563479709,96.0,9.36,123.28,72.41,2.39
abrau-dyurso,0.0,RU,1563479709,93.0,44.7,37.6,66.2,4.47
nouna,34.0,BF,1563479709,40.0,12.73,-3.87,90.23,6.22
rassvet,100.0,RU,1563479710,61.0,49.11,45.47,72.23,10.8
chihuahua,75.0,MX,1563479549,48.0,28.66,-106.08,93.0,4.7
esso,100.0,RU,1563479710,74.0,55.93,158.7,58.01,1.79
kalachinsk,0.0,RU,1563479711,86.0,55.05,74.58,58.91,8.21
kaitangata,100.0,NZ,1563479711,80.0,-46.28,169.85,43.0,1.99
caravelas,0.0,BR,1563479712,66.0,-17.73,-39.27,71.33,15.39
crema,0.0,IT,1563479712,69.0,45.36,9.69,78.01,5.82
bahia blanca,0.0,AR,1563479712,38.0,-38.72,-62.27,51.35,6.31
vavuniya,100.0,LK,1563479713,78.0,8.76,80.5,79.43,10.04
kinsale,75.0,IE,1563479713,82.0,51.71,-8.52,62.01,6.93
muros,20.0,ES,1563479713,77.0,42.77,-9.06,72.0,8.05
pangody,25.0,RU,1563479713,54.0,65.85,74.49,73.13,12.26
mutsamudu,,,,,,,,
amahai,100.0,ID,1563479714,91.0,-3.31,129.0,80.01,8.63
abha,20.0,SA,1563479714,60.0,18.22,42.5,80.6,3.36
honavar,100.0,IN,1563479715,82.0,14.28,74.45,80.87,16.69
katsuura,90.0,JP,1563479715,100.0,33.93,134.5,73.4,2.24
zhigansk,0.0,RU,1563479715,67.0,66.77,123.37,45.95,21.54
almaznyy,0.0,RU,1563479715,88.0,48.03,40.04,66.2,4.47
shimoda,75.0,JP,1563479716,100.0,34.7,138.93,73.99,3.36
shubarkuduk,0.0,KZ,1563479716,39.0,49.15,56.49,81.23,6.11
tazmalt,20.0,DZ,1563479716,73.0,36.39,4.4,77.0,8.05
cidreira,0.0,BR,1563479716,90.0,-30.17,-50.22,60.89,8.81
kavieng,0.0,PG,1563479717,71.0,-2.57,150.8,83.57,5.44
vostochnyy,0.0,RU,1563479717,82.0,55.82,37.87,61.0,6.71
umzimvubu,,,,,,,,
san vicente,75.0,EC,1563479717,83.0,-0.59,-80.41,78.8,13.87
fairbanks,75.0,US,1563479507,72.0,64.84,-147.72,68.0,4.7
najran,20.0,SA,1563479718,15.0,17.54,44.22,95.0,3.13
hargeysa,0.0,SO,1563479718,51.0,9.56,44.06,71.69,21.07
shahr-e babak,0.0,IR,1563479718,23.0,30.12,55.12,70.43,3.96
gazli,0.0,UZ,1563479719,15.0,40.13,63.45,88.61,11.01
mogadishu,14.0,SO,1563479559,83.0,2.04,45.34,74.93,14.0
bengkulu,,,,,,,,
upernavik,100.0,GL,1563479719,86.0,72.79,-56.15,45.41,8.79
qaqortoq,40.0,GL,1563479720,59.0,60.72,-46.03,62.6,8.05
beloha,0.0,MG,1563479720,63.0,-25.17,45.06,65.21,4.65
gazojak,0.0,TM,1563479720,15.0,41.19,61.4,92.03,9.4
kieta,92.0,PG,1563479721,77.0,-6.22,155.63,80.69,6.8
west fargo,1.0,US,1563479721,65.0,46.88,-96.9,82.0,9.17
batesville,75.0,US,1563479721,59.0,35.77,-91.64,93.99,11.41
san jose,1.0,HN,1563479722,33.0,14.25,-87.96,89.6,17.22
hasaki,75.0,JP,1563479722,94.0,35.73,140.83,75.2,5.82
oshkosh,1.0,US,1563479613,69.0,44.02,-88.54,84.0,13.87
tual,100.0,ID,1563479722,88.0,-5.67,132.75,77.27,16.78
sao filipe,95.0,CV,1563479723,73.0,14.9,-24.5,76.01,3.09
pontes e lacerda,26.0,BR,1563479723,29.0,-15.23,-59.33,90.41,1.92
torbay,40.0,CA,1563479723,56.0,47.66,-52.73,73.99,19.46
sioux lookout,90.0,CA,1563479724,93.0,50.1,-91.92,71.6,5.82
louga,20.0,SN,1563479724,74.0,15.62,-16.22,80.6,13.87
kunnamangalam,90.0,IN,1563479724,94.0,11.3,75.88,77.0,10.29
kushmurun,,,,,,,,
luba,100.0,PH,1563479725,90.0,17.32,120.7,75.65,10.49
souillac,0.0,FR,1563479725,60.0,45.6,-0.6,71.6,12.75
rio grande,20.0,BR,1563479725,60.0,-32.03,-52.1,69.8,10.29
canberra,3.0,AU,1563479725,86.0,-35.3,149.1,39.0,12.75
deputatskiy,100.0,RU,1563479726,87.0,69.3,139.9,37.49,5.97
waddan,0.0,LY,1563479726,50.0,29.16,16.14,76.37,17.72
batticaloa,70.0,LK,1563479726,76.0,7.71,81.69,77.81,5.35
poronaysk,100.0,RU,1563479726,92.0,49.22,143.1,63.05,3.49
collie,48.0,AU,1563479727,84.0,-33.36,116.15,55.99,5.32
mariental,75.0,BR,1563479727,77.0,-25.72,-49.65,61.0,12.75
egvekinot,100.0,RU,1563479728,87.0,66.32,-179.17,52.07,4.47
nouadhibou,0.0,MR,1563479728,77.0,20.93,-17.03,69.8,24.16
ravar,0.0,IR,1563479728,12.0,31.27,56.81,71.87,6.02
ballina,75.0,IE,1563479728,77.0,54.11,-9.15,60.01,9.17
korla,,,,,,,,
port-cartier,20.0,CA,1563479729,43.0,50.03,-66.88,71.6,12.75
vostok,100.0,RU,1563479729,98.0,46.45,135.83,65.57,2.21
milyutinskaya,100.0,RU,1563479730,79.0,48.63,41.67,65.75,11.54
bambous virieux,40.0,MU,1563479730,69.0,-20.34,57.76,73.4,18.34
attawapiskat,,,,,,,,
waterford,100.0,IE,1563479730,82.0,52.26,-7.11,63.0,4.0
fez,0.0,MA,1563479731,44.0,34.03,-5.02,80.6,12.75
mangrol,0.0,IN,1563479731,55.0,25.33,76.51,88.43,0.87
aksarka,99.0,RU,1563479731,91.0,66.56,67.8,65.39,8.25
yulara,0.0,AU,1563479732,51.0,-25.24,130.99,39.2,5.82
geraldton,90.0,CA,1563479732,65.0,49.72,-86.95,77.0,11.41
carballo,75.0,ES,1563479732,88.0,43.21,-8.69,68.0,5.82
pisco,0.0,PE,1563479732,30.0,-13.71,-76.2,71.6,19.46
piacabucu,32.0,BR,1563479733,88.0,-10.41,-36.43,73.31,11.97
darnah,0.0,LY,1563479733,79.0,32.77,22.64,76.73,10.58
eldama ravine,17.0,KE,1563479734,98.0,0.05,35.72,49.37,3.47
half moon bay,5.0,US,1563479734,53.0,37.46,-122.43,84.0,9.17
ketchikan,90.0,US,1563479734,87.0,55.34,-131.65,59.0,11.41
dawlatabad,0.0,AF,1563479734,13.0,36.41,64.91,85.37,11.59
mahibadhoo,100.0,MV,1563479735,74.0,3.78,72.97,83.75,18.75
komsomolskiy,100.0,RU,1563479735,95.0,67.55,63.78,61.79,11.01
lerum,0.0,SE,1563479735,48.0,57.77,12.27,68.0,3.36
manavalakurichi,75.0,IN,1563479735,88.0,8.13,77.3,77.0,11.41
gat,20.0,SN,1563479736,74.0,14.69,-16.54,78.8,16.11
aquiraz,0.0,BR,1563479736,61.0,-3.9,-38.39,86.0,10.29
maloy,64.0,ID,1563479737,98.0,1.0,118.1,73.13,1.43
luganville,75.0,VU,1563479737,94.0,-15.51,167.18,71.6,1.12
bonnyville,90.0,CA,1563479737,93.0,54.27,-110.74,59.0,4.7
neusiedl am see,0.0,AT,1563479737,46.0,47.95,16.84,73.99,2.24
artyom,90.0,RU,1563479738,100.0,43.36,132.19,68.0,2.24
whitehorse,75.0,CA,1563479738,52.0,60.72,-135.06,68.0,5.82
adeje,100.0,NG,1563479738,84.0,5.68,5.76,77.81,10.51
bandarbeyla,14.0,SO,1563479739,61.0,9.49,50.81,76.19,24.9
tiznit,35.0,MA,1563479739,89.0,29.7,-9.73,67.19,16.69
naryan-mar,100.0,RU,1563479739,79.0,67.67,53.09,44.51,14.74
vestmannaeyjar,40.0,IS,1563479740,94.0,63.44,-20.27,53.6,11.41
codrington,0.0,AU,1563479740,93.0,-28.95,153.24,55.99,5.82
amapa,75.0,HN,1563479740,46.0,15.09,-87.97,93.2,11.41
kazerun,0.0,IR,1563479741,31.0,29.62,51.65,77.09,1.21
mikuni,75.0,JP,1563479741,94.0,36.22,136.15,73.4,1.12
ancud,90.0,CL,1563479741,81.0,-41.87,-73.83,50.0,17.22
prior lake,1.0,US,1563479742,74.0,44.71,-93.42,86.0,8.68
opuwo,0.0,NA,1563479742,29.0,-18.06,13.84,56.93,5.66
fare,13.0,PF,1563479743,72.0,-16.7,-151.02,75.47,15.32
touros,64.0,BR,1563479743,75.0,-5.2,-35.46,79.43,26.44
saleaula,,,,,,,,
vryburg,0.0,ZA,1563479743,26.0,-26.96,24.73,52.43,8.75
boyuibe,90.0,BO,1563479744,50.0,-20.43,-63.28,78.8,5.82
malindi,20.0,KE,1563479476,94.0,-3.22,40.12,73.4,6.33
port-gentil,20.0,GA,1563479744,88.0,-0.72,8.78,77.0,8.05
gizo,20.0,IL,1563479744,65.0,31.8,34.94,82.0,5.82
lalibela,51.0,ET,1563479745,82.0,12.04,39.05,60.71,2.1
lasa,40.0,CY,1563479745,78.0,34.92,32.53,77.0,6.93
letlhakeng,0.0,BW,1563479745,27.0,-24.1,25.03,54.05,2.28
cockburn town,46.0,TC,1563479707,78.0,21.46,-71.14,82.13,19.77
chapais,75.0,CA,1563479746,41.0,49.78,-74.86,75.2,8.05
vila franca do campo,20.0,PT,1563479561,78.0,37.72,-25.43,71.6,13.87
poum,20.0,MK,1563479746,60.0,41.28,20.71,68.0,4.7
faanui,0.0,PF,1563479747,58.0,-16.48,-151.75,76.55,11.14
ostrovnoy,83.0,RU,1563479747,89.0,68.05,39.51,44.33,4.09
timmins,75.0,CA,1563479747,57.0,48.48,-81.33,78.8,13.87
arcachon,20.0,FR,1563479747,73.0,44.65,-1.18,73.4,6.93
saint-joseph,0.0,FR,1563479748,73.0,43.56,6.97,78.8,2.24
walvis bay,0.0,NA,1563479748,16.0,-22.95,14.51,78.8,4.7
grand river south east,,,,,,,,
shenzhen,0.0,CN,1563479749,79.0,22.54,114.05,86.0,12.75
bonthe,99.0,SL,1563479750,89.0,7.53,-12.5,75.11,6.67
cayenne,0.0,GF,1563479750,66.0,4.94,-52.33,87.8,9.17
barcelos,33.0,BR,1563479495,94.0,-0.97,-62.93,79.61,2.8
altamira,40.0,BR,1563479649,62.0,-3.2,-52.21,89.6,3.36
vicuna,,,,,,,,
dingle,100.0,PH,1563479751,90.0,11.0,122.67,74.75,5.48
kalmunai,70.0,LK,1563479751,76.0,7.42,81.82,77.81,5.35
torrington,1.0,US,1563479752,11.0,42.06,-104.18,98.01,19.46
palana,100.0,RU,1563479752,95.0,59.08,159.95,51.53,15.23
bilma,63.0,NE,1563479753,16.0,18.69,12.92,97.97,10.51
taltal,0.0,CL,1563479753,72.0,-25.41,-70.49,58.73,3.29
neryungri,93.0,RU,1563479753,97.0,56.66,124.71,53.33,4.97
umm kaddadah,27.0,SD,1563479754,42.0,13.6,26.69,87.35,12.88
olafsvik,,,,,,,,
eenhana,0.0,NA,1563479754,21.0,-17.48,16.34,71.6,4.7
nizwa,2.0,OM,1563479593,34.0,22.93,57.53,82.49,1.19
benxi,0.0,CN,1563479754,94.0,41.29,123.76,73.4,2.24
atbasar,0.0,KZ,1563479755,65.0,51.81,68.36,64.67,4.63
tamandare,61.0,BR,1563479755,54.0,-8.28,-70.75,86.45,1.66
mezen,0.0,RU,1563479755,74.0,65.85,44.24,51.17,11.3
aswan,20.0,EG,1563479756,10.0,24.09,32.9,105.8,8.05
samana,75.0,EC,1563479756,66.0,0.12,-76.97,84.2,6.93
kamenka,14.0,MD,1563479758,85.0,48.03,28.7,57.99,2.82
chagda,,,,,,,,
klaksvik,0.0,FO,1563479758,93.0,62.23,-6.59,53.6,9.17
lebu,91.0,ET,1563479758,86.0,8.96,38.73,54.41,0.87
moerai,16.0,PF,1563479759,72.0,-22.43,-151.33,69.53,15.03
faya,20.0,SA,1563479759,60.0,18.39,42.45,80.6,3.36
padang,100.0,ID,1563479759,82.0,-0.92,100.36,81.95,13.35
huarmey,22.0,PE,1563479759,86.0,-10.07,-78.15,61.79,18.19
talnakh,0.0,RU,1563479760,45.0,69.49,88.39,64.4,17.9
sabaudia,0.0,IT,1563479760,69.0,41.3,13.03,77.0,3.36
san policarpo,100.0,PH,1563479760,89.0,12.18,125.51,78.53,8.81
bilibino,100.0,RU,1563479760,71.0,68.06,166.44,38.39,3.69
san juan,0.0,AR,1563479761,40.0,-31.54,-68.53,40.37,5.35
cheney,20.0,US,1563479508,28.0,47.49,-117.58,75.0,24.16
kargopol,100.0,RU,1563479761,82.0,61.51,38.95,58.73,8.37
progreso,0.0,UY,1563479762,63.0,-34.68,-56.22,62.6,5.82
jingdezhen,0.0,CN,1563479762,96.0,29.29,117.2,75.47,3.24
floriano,0.0,BR,1563479762,31.0,-6.77,-43.02,83.39,5.08
barpeta,40.0,IN,1563479762,89.0,26.33,91.01,86.0,2.84
singkawang,,,,,,,,
kitob,0.0,UZ,1563479763,41.0,39.12,66.88,75.2,9.66
wang saphung,100.0,TH,1563479764,92.0,17.3,101.77,72.59,3.83
ugoofaaru,100.0,MV,1563479764,76.0,5.67,73.0,82.31,20.36
yurla,0.0,RU,1563479764,97.0,59.33,54.32,47.21,2.59
puerto baquerizo moreno,75.0,EC,1563479764,78.0,-0.9,-89.6,75.2,13.87
sinop,92.0,TR,1563479765,70.0,42.03,35.15,69.35,7.58
narsaq,40.0,GL,1563479765,59.0,60.91,-46.05,62.6,8.05
inuvik,75.0,CA,1563479765,76.0,68.36,-133.71,59.0,8.05
tergnier,75.0,FR,1563479766,88.0,49.66,3.29,64.99,4.7
koslan,15.0,RU,1563479768,84.0,63.46,48.9,49.55,3.33
kitakami,100.0,JP,1563479768,99.0,39.29,141.1,65.93,2.62
kudahuvadhoo,100.0,MV,1563479770,74.0,2.67,72.89,83.39,12.91
brigantine,40.0,US,1563479770,59.0,39.41,-74.36,91.4,10.29
bolungarvik,,,,,,,,
sadovoye,99.0,RU,1563479774,67.0,47.78,44.52,69.53,19.69
kijang,90.0,KR,1563479774,94.0,35.24,129.21,73.4,8.05
mpanda,31.0,BI,1563479776,71.0,-3.17,29.4,63.23,1.43
quang ngai,100.0,VN,1563479776,91.0,15.12,108.8,73.31,3.29
san jeronimo,75.0,PE,1563479776,87.0,-13.65,-73.37,50.0,8.05
nanakuli,90.0,US,1563479777,65.0,21.39,-158.15,84.99,9.17
houma,76.0,CN,1563479777,74.0,35.63,111.36,70.43,3.74
richards bay,0.0,ZA,1563479778,50.0,-28.77,32.06,71.15,13.44
berbera,,,,,,,,
jacareacanga,20.0,BR,1563479778,49.0,-6.22,-57.76,93.2,3.36
chernyshevskiy,0.0,RU,1563479779,64.0,63.01,112.47,46.85,8.79
jagupit,25.0,PH,1563479779,82.0,9.24,125.56,77.99,3.33
riihimaki,0.0,FI,1563479780,63.0,60.74,24.78,64.99,6.93
lagos,20.0,NG,1563479780,88.0,6.46,3.39,77.0,5.82
elizabeth city,40.0,US,1563479780,59.0,36.3,-76.22,96.01,9.17
solnechnyy,100.0,RU,1563479781,96.0,50.72,136.64,65.03,0.89
agaro,48.0,ET,1563479781,96.0,7.86,36.59,56.39,3.04
iralaya,40.0,HN,1563479784,70.0,15.0,-83.23,87.8,10.29
zaraza,98.0,VE,1563479785,84.0,9.35,-65.33,84.11,1.79
monroe,75.0,US,1563479612,88.0,41.91,-83.4,91.99,12.75
petropavlovsk-kamchatskiy,20.0,RU,1563479701,82.0,53.05,158.65,62.6,4.47
kamsack,75.0,CA,1563479785,60.0,51.56,-101.9,73.4,5.82
milkovo,20.0,BG,1563479786,69.0,41.53,24.68,78.01,4.7
kentau,0.0,KZ,1563479786,9.0,43.52,68.5,89.69,14.45
severo-yeniseyskiy,100.0,RU,1563479787,95.0,60.37,93.04,59.99,6.11
lambare,75.0,PY,1563479787,60.0,-25.35,-57.61,69.8,8.05
hamilton,75.0,CA,1563479553,65.0,43.26,-79.87,87.01,6.93
high level,75.0,CA,1563479790,47.0,58.52,-117.13,75.2,2.37
pemangkat,,,,,,,,
margate,20.0,AU,1563479790,70.0,-43.03,147.26,55.99,9.17
richard toll,,,,,,,,
sholapur,,,,,,,,
tahta,,,,,,,,
lethem,41.0,GY,1563479791,59.0,3.38,-59.8,86.99,5.86
zabid,100.0,YE,1563479791,73.0,14.2,44.5,71.15,3.47
cortez,1.0,US,1563479792,13.0,37.35,-108.58,89.6,13.87
pacific grove,20.0,US,1563479792,68.0,36.62,-121.92,82.99,11.41
bogande,100.0,BF,1563479792,34.0,12.97,-0.14,91.31,10.51
trairi,13.0,BR,1563479793,54.0,-3.28,-39.27,77.81,4.12
takoradi,51.0,GH,1563479793,93.0,4.89,-1.75,74.75,3.98
dubrovnik,0.0,HR,1563479793,68.0,42.65,18.09,73.4,1.12
saint-jean-de-maurienne,0.0,FR,1563479794,41.0,45.28,6.35,79.0,8.05
kyaikkami,3.0,MM,1563479794,80.0,16.08,97.57,82.31,12.93
zhuhai,20.0,CN,1563479794,83.0,40.71,112.04,69.8,4.47
krasnoselkup,,,,,,,,
manoel urbano,78.0,BR,1563479795,50.0,-8.84,-69.26,88.07,1.61
eureka,90.0,US,1563479655,77.0,40.8,-124.16,71.01,11.41
preobrazheniye,42.0,RU,1563479795,96.0,42.9,133.91,64.85,2.04
pandan,100.0,PH,1563479795,78.0,11.72,122.09,83.39,18.05
bozoum,100.0,CF,1563479796,97.0,6.31,16.38,65.75,4.85
makokou,81.0,GA,1563479796,96.0,0.56,12.85,70.07,2.13
xihe,100.0,CN,1563479796,81.0,34.02,105.29,62.33,3.02
soligalich,98.0,RU,1563479796,98.0,59.08,42.29,59.09,7.54
athabasca,100.0,CA,1563479797,95.0,54.72,-113.29,56.75,5.86
mandalgovi,55.0,MN,1563479797,69.0,45.76,106.27,63.23,2.75
vangaindrano,7.0,MG,1563479797,94.0,-23.35,47.6,59.99,3.13
port hardy,90.0,CA,1563479797,87.0,50.7,-127.42,57.2,5.82
minab,0.0,IR,1563479798,70.0,27.15,57.07,91.4,4.7
fonte boa,12.0,BR,1563479798,70.0,-2.51,-66.09,84.11,5.28
san rafael,0.0,AR,1563479675,29.0,-34.61,-68.33,49.01,6.98
skoghall,6.0,SE,1563479798,68.0,59.32,13.47,64.4,3.36
yarada,84.0,IN,1563479799,81.0,17.65,83.27,80.15,2.8
grand gaube,40.0,MU,1563479799,69.0,-20.01,57.66,73.4,18.34
sitka,0.0,US,1563479800,34.0,37.17,-99.65,100.0,13.0
la primavera,75.0,AR,1563479800,35.0,-32.92,-68.67,55.4,13.87
honningsvag,0.0,NO,1563479800,76.0,70.98,25.97,53.6,2.24
okhotsk,100.0,RU,1563479800,97.0,59.36,143.24,54.95,10.67
erzincan,0.0,TR,1563479801,53.0,39.75,39.49,71.6,11.41
oksfjord,0.0,NO,1563479801,59.0,70.24,22.35,66.2,17.22
irimbo,75.0,MX,1563479801,50.0,19.7,-100.48,75.2,2.95
gurskoye,,,,,,,,
kawhia,100.0,NZ,1563479802,91.0,-38.07,174.82,55.99,8.99
kramat,46.0,ID,1563479802,86.0,-7.04,112.64,73.85,4.18
anadyr,75.0,RU,1563479802,93.0,64.73,177.51,57.2,4.47
same,39.0,TL,1563479803,62.0,-9.0,125.65,62.33,4.0
gotsu,100.0,JP,1563479803,97.0,35.01,132.22,73.67,5.14
tunduru,,,,,,,,
merritt,75.0,CA,1563479666,42.0,50.11,-120.79,68.0,18.34
luanda,59.0,AO,1563479804,88.0,-8.83,13.24,71.6,8.05
ainring,40.0,DE,1563479804,64.0,47.81,12.95,68.0,5.82
antsohihy,0.0,MG,1563479805,64.0,-14.88,47.99,74.03,24.96
yidu,49.0,CN,1563479805,87.0,30.39,111.44,77.0,2.91
wanlaweyn,1.0,SO,1563479805,82.0,2.62,44.89,73.85,10.85
tabiauea,,,,,,,,
lahij,100.0,YE,1563479806,30.0,13.06,44.88,92.39,6.64
mpika,0.0,ZM,1563479806,73.0,-11.84,31.4,53.15,7.05
college,75.0,US,1563479806,72.0,64.86,-147.8,66.2,4.7
mitha tiwana,4.0,PK,1563479807,56.0,32.24,72.11,84.47,6.55
portoferraio,0.0,IT,1563479807,88.0,42.81,10.31,79.0,6.93
iracoubo,19.0,GF,1563479807,73.0,5.48,-53.21,81.23,4.41
kulhudhuffushi,100.0,MV,1563479808,72.0,6.62,73.07,82.31,29.44
sandwick,41.0,GB,1563479808,93.0,54.57,-2.89,63.0,16.11
celendin,90.0,PE,1563479809,54.0,-6.87,-78.15,59.0,12.75
fuerte olimpo,100.0,BR,1563479809,49.0,-21.04,-57.87,79.79,4.92
santa cruz,51.0,BR,1563479810,50.0,-6.22,-36.02,76.01,11.07
svetlaya,100.0,RU,1563479810,95.0,46.54,138.33,63.77,1.52
russellville,20.0,US,1563479810,63.0,35.28,-93.13,95.0,11.41
labutta,,,,,,,,
meridian,1.0,US,1563479721,34.0,43.61,-116.39,84.99,4.7
tigil,100.0,RU,1563479811,96.0,57.8,158.67,56.93,10.6
agirish,56.0,RU,1563479811,98.0,61.92,63.02,52.43,5.68
comodoro rivadavia,0.0,AR,1563479811,52.0,-45.87,-67.48,55.4,33.33
palora,75.0,EC,1563479812,94.0,-1.7,-77.97,78.8,8.05
zhaoyuan,0.0,CN,1563479812,86.0,45.52,125.08,71.69,7.4
yaan,100.0,NG,1563479812,97.0,7.38,8.57,73.49,4.34
sinnamary,0.0,GF,1563479813,71.0,5.38,-52.96,82.67,8.86
dukat,12.0,AL,1563479813,49.0,40.25,19.57,72.0,4.0
shitanjing,100.0,CN,1563479813,49.0,39.23,106.34,73.31,13.44
agadez,1.0,NE,1563479813,36.0,16.97,7.99,95.0,11.41
zapolyarnyy,0.0,RU,1563479814,67.0,69.43,30.82,59.0,13.87
pawai,0.0,IN,1563479814,58.0,24.27,80.17,85.91,3.4
medina,0.0,SA,1563479685,12.0,24.47,39.61,102.2,16.11
saryshagan,,,,,,,,
saint-augustin,20.0,CA,1563479815,38.0,45.63,-73.98,84.0,4.7
tautira,20.0,PF,1563479815,53.0,-17.73,-149.15,77.0,6.93
santa cruz de tenerife,75.0,ES,1563479815,82.0,28.47,-16.25,75.2,21.92
sibanicu,40.0,CU,1563479815,59.0,21.23,-77.53,89.6,14.99
greenfield,90.0,US,1563479816,73.0,42.59,-72.6,79.0,8.05
tabuk,100.0,PH,1563479816,98.0,17.41,121.44,63.41,4.29
synya,99.0,RU,1563479817,97.0,65.37,58.04,51.35,6.64
portland,40.0,US,1563479658,50.0,43.66,-70.25,82.0,8.05
vacha,75.0,DE,1563479817,68.0,50.83,10.02,71.6,2.24
haines junction,100.0,CA,1563479819,42.0,60.75,-137.51,67.19,4.0
maceio,0.0,BR,1563479798,61.0,-9.67,-35.74,78.8,11.41
te anau,100.0,NZ,1563479819,92.0,-45.41,167.72,41.99,3.24
tucuman,0.0,PE,1563479820,19.0,-17.17,-70.89,67.73,8.19
vagur,49.0,FO,1563479820,93.0,61.47,-6.81,52.07,10.2
kahului,75.0,US,1563479820,78.0,20.89,-156.47,78.01,12.75
san ignacio,37.0,PE,1563479820,84.0,-5.15,-79.0,69.53,1.81
khalkhal,9.0,IR,1563479821,49.0,37.62,48.53,66.47,3.11
nevelsk,90.0,RU,1563479821,93.0,46.67,141.86,62.6,8.95
huanan,0.0,CN,1563479821,96.0,46.24,130.56,65.03,3.09
tartki,,,,,,,,
cam ranh,20.0,VN,1563479822,79.0,11.92,109.15,84.2,12.75
guerrero,0.0,AR,1563479744,43.0,-24.19,-65.45,73.4,5.82
marawi,0.0,PH,1563479822,90.0,8.0,124.29,75.0,4.0
port maria,20.0,JM,1563479823,58.0,18.37,-76.89,87.8,23.04
tidore,,,,,,,,
carauari,0.0,BR,1563479823,54.0,-4.88,-66.9,88.07,2.82
notre-dame-du-lac,1.0,CA,1563479823,40.0,47.61,-68.8,78.01,5.82
eaton socon,28.0,GB,1563479824,52.0,52.22,-0.29,70.0,9.17
vaitupu,,,,,,,,
westport,90.0,US,1563479824,94.0,41.14,-73.36,80.01,10.29
soyo,75.0,AO,1563479825,88.0,-6.13,12.37,73.4,5.82
karabuk,37.0,TR,1563479825,91.0,41.2,32.63,58.91,2.71
san francisco,75.0,CO,1563479499,44.0,1.17,-76.88,75.2,3.36
shar,100.0,NG,1563479825,97.0,7.3,8.73,73.49,4.34
sukhobuzimskoye,40.0,RU,1563479826,93.0,56.5,93.28,62.6,2.24
knin,0.0,HR,1563479621,65.0,44.04,16.2,77.0,3.36
salinopolis,4.0,BR,1563479826,78.0,-0.61,-47.36,81.59,12.06
broome,0.0,GB,1563479827,63.0,52.47,1.45,68.0,2.24
great yarmouth,0.0,GB,1563479827,63.0,52.61,1.73,66.99,2.24
virginia beach,40.0,US,1563479386,59.0,36.85,-75.98,96.01,9.17
priiskovyy,99.0,RU,1563479828,67.0,51.93,116.63,68.09,2.08
rawson,1.0,AR,1563479828,42.0,-43.3,-65.11,49.37,13.33
churapcha,100.0,RU,1563479828,78.0,62.0,132.43,47.57,6.53
kamenskoye,,,,,,,,
alekseyevsk,74.0,RU,1563479829,60.0,57.84,108.35,55.85,11.01
malanje,0.0,AO,1563479829,28.0,-9.54,16.35,67.37,3.18
kangalassy,0.0,RU,1563479830,75.0,62.35,129.97,46.4,4.47
emba,40.0,CY,1563479830,78.0,34.81,32.42,77.0,6.93
rubtsovsk,83.0,RU,1563479830,75.0,51.53,81.22,62.15,2.48
kungurtug,9.0,RU,1563479830,70.0,50.6,97.53,50.09,3.51
safford,1.0,US,1563479831,22.0,32.83,-109.71,100.0,18.34
pointe-noire,75.0,CG,1563479831,94.0,-4.8,11.85,71.6,3.36
morden,40.0,CA,1563479831,54.0,49.19,-98.1,84.2,9.17
moose factory,90.0,CA,1563479832,56.0,51.26,-80.61,73.4,14.99
morwa,0.0,BW,1563479832,30.0,-24.44,26.07,55.4,2.24
alice springs,0.0,AU,1563479832,59.0,-23.7,133.88,37.4,3.36
dubuque,90.0,US,1563479832,83.0,42.5,-90.66,90.0,13.87
itarema,26.0,BR,1563479833,62.0,-2.92,-39.92,78.71,9.78
san quintin,100.0,PH,1563479833,90.0,17.54,120.52,75.65,10.49
constitucion,75.0,MX,1563479833,36.0,23.99,-104.67,81.0,6.93
hambantota,100.0,LK,1563479834,79.0,6.12,81.12,79.43,32.68
sri aman,90.0,MY,1563479834,94.0,1.24,111.46,75.2,0.78
paamiut,100.0,GL,1563479834,95.0,61.99,-49.67,41.81,12.73
hami,90.0,CN,1563479834,22.0,42.84,93.51,82.49,12.53
qasigiannguit,75.0,GL,1563479835,66.0,68.82,-51.19,53.6,18.34
buta,81.0,CD,1563479835,97.0,2.79,24.73,71.33,3.24
kruisfontein,100.0,ZA,1563479835,80.0,-34.0,24.73,56.03,3.71
kaka,0.0,TM,1563479836,13.0,37.35,59.62,90.95,5.14
assen,20.0,NL,1563479780,93.0,53.0,6.56,66.0,3.36
cobija,40.0,BR,1563479836,55.0,-11.02,-68.77,89.6,2.17
berestechko,0.0,UA,1563479836,79.0,50.36,25.12,59.0,5.21
filingue,97.0,NE,1563479837,33.0,14.35,3.32,92.21,10.13
livingstone,1.0,ZW,1563479837,43.0,-17.85,25.86,54.59,4.9
shache,6.0,CN,1563479837,30.0,38.42,77.24,77.81,7.29
binga,0.0,ZW,1563479837,40.0,-17.62,27.34,57.11,5.7
gleisdorf,75.0,AT,1563479838,88.0,47.11,15.71,63.0,3.36
evanston,40.0,US,1563479592,78.0,42.04,-87.69,84.0,11.41
bell ville,86.0,AR,1563479838,44.0,-32.63,-62.69,56.03,17.22
estacion coahuila,1.0,MX,1563479838,17.0,32.19,-115.0,102.99,6.93
charlton,90.0,US,1563479839,78.0,42.14,-71.97,75.2,6.93
isabela,100.0,PH,1563479839,81.0,10.2,122.99,80.69,8.5
raudeberg,75.0,NO,1563479839,82.0,61.99,5.14,64.4,11.41
sisimiut,100.0,GL,1563479839,86.0,66.94,-53.67,45.59,46.8
medvezhyegorsk,100.0,RU,1563479840,96.0,62.92,34.47,55.31,5.08
voloshka,95.0,RU,1563479841,57.0,61.33,40.09,63.05,8.88
necochea,87.0,AR,1563479840,82.0,-38.55,-58.74,50.0,3.0
alyangula,96.0,AU,1563479841,93.0,-13.85,136.42,60.8,12.39
fukue,75.0,JP,1563479841,94.0,35.03,136.69,78.01,2.24
washington,75.0,US,1563479153,55.0,38.9,-77.04,91.99,6.93
lata,0.0,IN,1563479842,91.0,30.78,78.62,40.37,0.92
isangel,40.0,VU,1563479842,88.0,-19.55,169.27,62.6,12.03
tessalit,20.0,ML,1563479842,23.0,20.2,1.01,94.91,18.48
plettenberg bay,58.0,ZA,1563479843,70.0,-34.05,23.37,59.27,3.62
zlobin,40.0,HR,1563479843,57.0,45.29,14.65,75.2,2.24
kotelnich,12.0,RU,1563479844,91.0,58.31,48.34,56.03,7.85
zhigalovo,72.0,RU,1563479844,97.0,54.81,105.15,57.65,1.66
hays,1.0,US,1563479614,44.0,38.88,-99.33,102.99,20.8
san ramon,20.0,NI,1563479845,50.0,12.92,-85.84,78.8,18.34
guiratinga,91.0,BR,1563479584,31.0,-16.35,-53.76,82.85,3.78
